{
  "columns": [
    "ret_1",
    "ret_5",
    "ret_10",
    "ret_21",
    "rstd_5",
    "rstd_10",
    "rstd_21",
    "parkinson_t",
    "gk_t",
    "gk_ma_5",
    "gk_ma_10",
    "gk_ma_21",
    "atr_14",
    "rsi_14",
    "macd",
    "macd_signal",
    "macd_hist",
    "vol_z_21",
    "nifty_ret_1",
    "nifty_rstd_21",
    "vix_level",
    "vix_chg",
    "dow_sin",
    "dow_cos",
    "month_sin",
    "month_cos",
    "expiry_week_flag",
    "days_to_expiry"
  ],
  "mean": [
    0.0006375111772035805,
    0.0031694747830299393,
    0.0063104079258249225,
    0.01336863777622633,
    0.015345202297906481,
    0.01605721904610644,
    0.016496835373916295,
    0.014712627419209095,
    0.015047919439982562,
    0.015032332904163767,
    0.015022740334567164,
    0.01501259804327917,
    0.025325620106722842,
    52.89258950560473,
    4.570762575576587,
    4.560584983427506,
    0.01017759214907943,
    0.009671604608325855,
    0.0004577268854198529,
    0.009121885252129341,
    17.160124531581882,
    -0.0010703467873361767,
    0.35498708667919704,
    -0.07814399826826411,
    -0.0025606513478918626,
    -0.0015927468218004304,
    0.2302255132951868,
    9.877482329182094
  ],
  "std": [
    0.017995927763797222,
    0.03963082831422368,
    0.05579694145316845,
    0.08058369783879878,
    0.009500769258641064,
    0.008160963869684021,
    0.007160342982267044,
    0.008701565812359731,
    0.008574496813997598,
    0.006370857392100789,
    0.0057926258490905245,
    0.005208690207552722,
    0.008963921472507434,
    12.017561419862734,
    34.12136577843481,
    31.97286766104486,
    10.424660081249845,
    1.0250848812447848,
    0.010428442503860979,
    0.00501997421277114,
    6.103011576099855,
    1.1208130202134339,
    0.5130566992620246,
    0.777592764349066,
    0.6976376253176754,
    0.7164444500192257,
    0.42097710902512814,
    6.147228855981882
  ]
}