{
  "columns": [
    "ret_1",
    "ret_5",
    "ret_10",
    "ret_21",
    "rstd_5",
    "rstd_10",
    "rstd_21",
    "parkinson_t",
    "gk_t",
    "gk_ma_5",
    "gk_ma_10",
    "gk_ma_21",
    "atr_14",
    "rsi_14",
    "macd",
    "macd_signal",
    "macd_hist",
    "vol_z_21",
    "gk_pos",
    "gk_ma5_pos",
    "gk_edge_dist",
    "gk_vov_21",
    "gk_trend",
    "nifty_ret_1",
    "nifty_rstd_21",
    "nifty_gk",
    "vix_level",
    "vix_chg",
    "vix_z_63",
    "dow_sin",
    "dow_cos",
    "month_sin",
    "month_cos",
    "expiry_week_flag",
    "days_to_expiry"
  ],
  "mean": [
    0.0006291203314372982,
    0.003113154263965363,
    0.006232209087302034,
    0.013323962719962586,
    0.01533358544145422,
    0.01605070850319346,
    0.016494398201568984,
    0.014707820812072465,
    0.015043509141662593,
    0.015028831282852342,
    0.015021726208939793,
    0.015012636352815908,
    0.0253233545038138,
    52.872564813262386,
    4.569587416559812,
    4.570254578649328,
    -0.000667162089514443,
    0.008852703667388917,
    0.8098465211503116,
    0.8039499161574801,
    0.7771244788163086,
    0.38677787545722686,
    0.003314648227962691,
    0.0004497039958485708,
    0.0091175854864644,
    0.006777989814930716,
    17.154739840233155,
    -0.000990265125634487,
    0.020684075067902565,
    0.3553588576879194,
    -0.07823658533834008,
    -0.0012110423479646582,
    0.0007372112865748342,
    0.229607250755287,
    9.871097683786505
  ],
  "std": [
    0.017983324319409667,
    0.03961842814777939,
    0.055781758947118065,
    0.08053749639730645,
    0.009494953126992495,
    0.008155264200703333,
    0.007153284299959556,
    0.008694992436610038,
    0.008567685712976034,
    0.006365278503510652,
    0.005787742532075997,
    0.005203838613585784,
    0.008955111953365619,
    12.018326925537803,
    34.22567888941176,
    32.1098753737972,
    10.432415406087243,
    1.024598529547311,
    1.8322976482043614,
    1.2879898399038057,
    1.4088444126954534,
    0.12076352362706211,
    0.2177943009500054,
    0.010418016089878395,
    0.005013959116988668,
    0.0044986220979074,
    6.095724478333098,
    1.1195001144097672,
    1.3201984329790524,
    0.5129872095342058,
    0.7774594792216779,
    0.6971855449578327,
    0.7168893260453808,
    0.4205802671974587,
    6.141350049722284
  ]
}